Workbook

Sheet 工作表1
A1: 股票代號 | B1: 股票名稱 | C1: 發行股數 | D1: 股價 | E1: 總市值 | F1: 市值排名 | G1: 第 1 欄
A2: 2330 | B2: 台積電 | C2: =IFERROR(__xludf.DUMMYFUNCTION("GOOGLEFINANCE(""TPE:"" & A2, ""marketcap"") / GOOGLEFINANCE(""TPE:"" & A2, ""price"")"),2.593252E10) -> 25932520000 | D2: =IFERROR(__xludf.DUMMYFUNCTION("IF(ISBLANK(A2),,GOOGLEFINANCE(""TPE:""&A2, ""price""))"),1505.0) -> 1505 | E2: =IF(ISBLANK(D2),, (C2 * D2) / 100000000) -> 390284.43 | F2: =RANK(E2, E$2:E$100) -> 1 | G2: =IF(COUNTIF('0050_List'!A:A, A2), "✅", "") -> ✅
A3: 2317 | B3: 鴻海 | C3: =IFERROR(__xludf.DUMMYFUNCTION("GOOGLEFINANCE(""TPE:"" & A3, ""marketcap"") / GOOGLEFINANCE(""TPE:"" & A3, ""price"")"),1.396422E10) -> 13964220000 | D3: =IFERROR(__xludf.DUMMYFUNCTION("IF(ISBLANK(A3),,GOOGLEFINANCE(""TPE:""&A3, ""price""))"),233.5) -> 233.5 | E3: =IF(ISBLANK(D3),, (C3 * D3) / 100000000) -> 32606.454 | F3: =RANK(E3, E$2:E$100) -> 2 | G3: =IF(COUNTIF('0050_List'!A:A, A3), "✅", "") -> ✅
A4: 2308 | B4: 台達電 | C4: =IFERROR(__xludf.DUMMYFUNCTION("GOOGLEFINANCE(""TPE:"" & A4, ""marketcap"") / GOOGLEFINANCE(""TPE:"" & A4, ""price"")"),2.597543E9) -> 2597543000 | D4: =IFERROR(__xludf.DUMMYFUNCTION("IF(ISBLANK(A4),,GOOGLEFINANCE(""TPE:""&A4, ""price""))"),968.0) -> 968 | E4: =IF(ISBLANK(D4),, (C4 * D4) / 100000000) -> 25144.216 | F4: =RANK(E4, E$2:E$100) -> 3 | G4: =IF(COUNTIF('0050_List'!A:A, A4), "✅", "") -> ✅
A5: 2454 | B5: 聯發科 | C5: =IFERROR(__xludf.DUMMYFUNCTION("GOOGLEFINANCE(""TPE:"" & A5, ""marketcap"") / GOOGLEFINANCE(""TPE:"" & A5, ""price"")"),1.603912E9) -> 1603912000 | D5: =IFERROR(__xludf.DUMMYFUNCTION("IF(ISBLANK(A5),,GOOGLEFINANCE(""TPE:""&A5, ""price""))"),1460.0) -> 1460 | E5: =IF(ISBLANK(D5),, (C5 * D5) / 100000000) -> 23417.115 | F5: =RANK(E5, E$2:E$100) -> 4 | G5: =IF(COUNTIF('0050_List'!A:A, A5), "✅", "") -> ✅
A6: 2881 | B6: 富邦金 | C6: =IFERROR(__xludf.DUMMYFUNCTION("GOOGLEFINANCE(""TPE:"" & A6, ""marketcap"") / GOOGLEFINANCE(""TPE:"" & A6, ""price"")"),1.5025579518329832E10) -> 15025579518 | D6: =IFERROR(__xludf.DUMMYFUNCTION("IF(ISBLANK(A6),,GOOGLEFINANCE(""TPE:""&A6, ""price""))"),95.2) -> 95.2 | E6: =IF(ISBLANK(D6),, (C6 * D6) / 100000000) -> 14304.352 | F6: =RANK(E6, E$2:E$100) -> 5 | G6: =IF(COUNTIF('0050_List'!A:A, A6), "✅", "") -> ✅
A7: 2382 | B7: 廣達 | C7: =IFERROR(__xludf.DUMMYFUNCTION("GOOGLEFINANCE(""TPE:"" & A7, ""marketcap"") / GOOGLEFINANCE(""TPE:"" & A7, ""price"")"),3.862628E9) -> 3862628000 | D7: =IFERROR(__xludf.DUMMYFUNCTION("IF(ISBLANK(A7),,GOOGLEFINANCE(""TPE:""&A7, ""price""))"),292.5) -> 292.5 | E7: =IF(ISBLANK(D7),, (C7 * D7) / 100000000) -> 11298.187 | F7: =RANK(E7, E$2:E$100) -> 6 | G7: =IF(COUNTIF('0050_List'!A:A, A7), "✅", "") -> ✅
A8: 2882 | B8: 國泰金 | C8: =IFERROR(__xludf.DUMMYFUNCTION("GOOGLEFINANCE(""TPE:"" & A8, ""marketcap"") / GOOGLEFINANCE(""TPE:"" & A8, ""price"")"),1.601318E10) -> 16013180000 | D8: =IFERROR(__xludf.DUMMYFUNCTION("IF(ISBLANK(A8),,GOOGLEFINANCE(""TPE:""&A8, ""price""))"),68.5) -> 68.5 | E8: =IF(ISBLANK(D8),, (C8 * D8) / 100000000) -> 10969.028 | F8: =RANK(E8, E$2:E$100) -> 7 | G8: =IF(COUNTIF('0050_List'!A:A, A8), "✅", "") -> ✅
A9: 3711 | B9: 日月光投控 | C9: =IFERROR(__xludf.DUMMYFUNCTION("GOOGLEFINANCE(""TPE:"" & A9, ""marketcap"") / GOOGLEFINANCE(""TPE:"" & A9, ""price"")"),4.436143E9) -> 4436143000 | D9: =IFERROR(__xludf.DUMMYFUNCTION("IF(ISBLANK(A9),,GOOGLEFINANCE(""TPE:""&A9, ""price""))"),244.5) -> 244.5 | E9: =IF(ISBLANK(D9),, (C9 * D9) / 100000000) -> 10846.37 | F9: =RANK(E9, E$2:E$100) -> 8 | G9: =IF(COUNTIF('0050_List'!A:A, A9), "✅", "") -> ✅
A10: 2412 | B10: 中華電 | C10: =IFERROR(__xludf.DUMMYFUNCTION("GOOGLEFINANCE(""TPE:"" & A10, ""marketcap"") / GOOGLEFINANCE(""TPE:"" & A10, ""price"")"),7.757444E9) -> 7757444000 | D10: =IFERROR(__xludf.DUMMYFUNCTION("IF(ISBLANK(A10),,GOOGLEFINANCE(""TPE:""&A10, ""price""))"),129.5) -> 129.5 | E10: =IF(ISBLANK(D10),, (C10 * D10) / 100000000) -> 10045.89 | F10: =RANK(E10, E$2:E$100) -> 9 | G10: =IF(COUNTIF('0050_List'!A:A, A10), "✅", "") -> ✅
A11: 2891 | B11: 中信金 | C11: =IFERROR(__xludf.DUMMYFUNCTION("GOOGLEFINANCE(""TPE:"" & A11, ""marketcap"") / GOOGLEFINANCE(""TPE:"" & A11, ""price"")"),2.0352699653392857E10) -> 20352699653 | D11: =IFERROR(__xludf.DUMMYFUNCTION("IF(ISBLANK(A11),,GOOGLEFINANCE(""TPE:""&A11, ""price""))"),44.8) -> 44.8 | E11: =IF(ISBLANK(D11),, (C11 * D11) / 100000000) -> 9118.0094 | F11: =RANK(E11, E$2:E$100) -> 10 | G11: =IF(COUNTIF('0050_List'!A:A, A11), "✅", "") -> ✅
A12: 6669 | B12: 緯穎 | C12: =IFERROR(__xludf.DUMMYFUNCTION("GOOGLEFINANCE(""TPE:"" & A12, ""marketcap"") / GOOGLEFINANCE(""TPE:"" & A12, ""price"")"),1.858407E8) -> 185840700 | D12: =IFERROR(__xludf.DUMMYFUNCTION("IF(ISBLANK(A12),,GOOGLEFINANCE(""TPE:""&A12, ""price""))"),4525.0) -> 4525 | E12: =IF(ISBLANK(D12),, (C12 * D12) / 100000000) -> 8409.2917 | F12: =RANK(E12, E$2:E$100) -> 11 | G12: =IF(COUNTIF('0050_List'!A:A, A12), "✅", "") -> ✅
A13: 2303 | B13: 聯電 | C13: =IFERROR(__xludf.DUMMYFUNCTION("GOOGLEFINANCE(""TPE:"" & A13, ""marketcap"") / GOOGLEFINANCE(""TPE:"" & A13, ""price"")"),1.2555269611793312E10) -> 12555269612 | D13: =IFERROR(__xludf.DUMMYFUNCTION("IF(ISBLANK(A13),,GOOGLEFINANCE(""TPE:""&A13, ""price""))"),49.35) -> 49.35 | E13: =IF(ISBLANK(D13),, (C13 * D13) / 100000000) -> 6196.0256 | F13: =RANK(E13, E$2:E$100) -> 12 | G13: =IF(COUNTIF('0050_List'!A:A, A13), "✅", "") -> ✅
A14: 2886 | B14: 兆豐金 | C14: =IFERROR(__xludf.DUMMYFUNCTION("GOOGLEFINANCE(""TPE:"" & A14, ""marketcap"") / GOOGLEFINANCE(""TPE:"" & A14, ""price"")"),1.4833370556777369E10) -> 14833370557 | D14: =IFERROR(__xludf.DUMMYFUNCTION("IF(ISBLANK(A14),,GOOGLEFINANCE(""TPE:""&A14, ""price""))"),40.65) -> 40.65 | E14: =IF(ISBLANK(D14),, (C14 * D14) / 100000000) -> 6029.7651 | F14: =RANK(E14, E$2:E$100) -> 14 | G14: =IF(COUNTIF('0050_List'!A:A, A14), "✅", "") -> ✅
A15: 2887 | B15: 台新新光金 | C15: =IFERROR(__xludf.DUMMYFUNCTION("GOOGLEFINANCE(""TPE:"" & A15, ""marketcap"") / GOOGLEFINANCE(""TPE:"" & A15, ""price"")"),2.926269941707572E10) -> 29262699417 | D15: =IFERROR(__xludf.DUMMYFUNCTION("IF(ISBLANK(A15),,GOOGLEFINANCE(""TPE:""&A15, ""price""))"),19.15) -> 19.15 | E15: =IF(ISBLANK(D15),, (C15 * D15) / 100000000) -> 5603.8069 | F15: =RANK(E15, E$2:E$100) -> 16 | G15: =IF(COUNTIF('0050_List'!A:A, A15), "✅", "") -> ✅
A16: 2345 | B16: 智邦 | C16: =IFERROR(__xludf.DUMMYFUNCTION("GOOGLEFINANCE(""TPE:"" & A16, ""marketcap"") / GOOGLEFINANCE(""TPE:"" & A16, ""price"")"),5.611179E8) -> 561117900 | D16: =IFERROR(__xludf.DUMMYFUNCTION("IF(ISBLANK(A16),,GOOGLEFINANCE(""TPE:""&A16, ""price""))"),1090.0) -> 1090 | E16: =IF(ISBLANK(D16),, (C16 * D16) / 100000000) -> 6116.1851 | F16: =RANK(E16, E$2:E$100) -> 13 | G16: =IF(COUNTIF('0050_List'!A:A, A16), "✅", "") -> ✅
A17: 3017 | B17: 奇鋐 | C17: =IFERROR(__xludf.DUMMYFUNCTION("GOOGLEFINANCE(""TPE:"" & A17, ""marketcap"") / GOOGLEFINANCE(""TPE:"" & A17, ""price"")"),3.881796E8) -> 388179600 | D17: =IFERROR(__xludf.DUMMYFUNCTION("IF(ISBLANK(A17),,GOOGLEFINANCE(""TPE:""&A17, ""price""))"),1425.0) -> 1425 | E17: =IF(ISBLANK(D17),, (C17 * D17) / 100000000) -> 5531.5593 | F17: =RANK(E17, E$2:E$100) -> 17 | G17: =IF(COUNTIF('0050_List'!A:A, A17), "✅", "") -> ✅
A18: 2383 | B18: 台光電 | C18: =IFERROR(__xludf.DUMMYFUNCTION("GOOGLEFINANCE(""TPE:"" & A18, ""marketcap"") / GOOGLEFINANCE(""TPE:"" & A18, ""price"")"),3.575354E8) -> 357535400 | D18: =IFERROR(__xludf.DUMMYFUNCTION("IF(ISBLANK(A18),,GOOGLEFINANCE(""TPE:""&A18, ""price""))"),1600.0) -> 1600 | E18: =IF(ISBLANK(D18),, (C18 * D18) / 100000000) -> 5720.5664 | F18: =RANK(E18, E$2:E$100) -> 15 | G18: =IF(COUNTIF('0050_List'!A:A, A18), "✅", "") -> ✅
A19: 2884 | B19: 玉山金 | C19: =IFERROR(__xludf.DUMMYFUNCTION("GOOGLEFINANCE(""TPE:"" & A19, ""marketcap"") / GOOGLEFINANCE(""TPE:"" & A19, ""price"")"),1.6173999231152647E10) -> 16173999231 | D19: =IFERROR(__xludf.DUMMYFUNCTION("IF(ISBLANK(A19),,GOOGLEFINANCE(""TPE:""&A19, ""price""))"),32.1) -> 32.1 | E19: =IF(ISBLANK(D19),, (C19 * D19) / 100000000) -> 5191.8538 | F19: =RANK(E19, E$2:E$100) -> 18 | G19: =IF(COUNTIF('0050_List'!A:A, A19), "✅", "") -> ✅
A20: 2408 | B20: 南亞科 | C20: =IFERROR(__xludf.DUMMYFUNCTION("GOOGLEFINANCE(""TPE:"" & A20, ""marketcap"") / GOOGLEFINANCE(""TPE:"" & A20, ""price"")"),3.098628E9) -> 3098628000 | D20: =IFERROR(__xludf.DUMMYFUNCTION("IF(ISBLANK(A20),,GOOGLEFINANCE(""TPE:""&A20, ""price""))"),156.0) -> 156 | E20: =IF(ISBLANK(D20),, (C20 * D20) / 100000000) -> 4833.8597 | F20: =RANK(E20, E$2:E$100) -> 22 | G20: =IF(COUNTIF('0050_List'!A:A, A20), "✅", "")
A21: 1303 | B21: 南亞 | C21: =IFERROR(__xludf.DUMMYFUNCTION("GOOGLEFINANCE(""TPE:"" & A21, ""marketcap"") / GOOGLEFINANCE(""TPE:"" & A21, ""price"")"),7.930821197084691E9) -> 7930821197 | D21: =IFERROR(__xludf.DUMMYFUNCTION("IF(ISBLANK(A21),,GOOGLEFINANCE(""TPE:""&A21, ""price""))"),61.4) -> 61.4 | E21: =IF(ISBLANK(D21),, (C21 * D21) / 100000000) -> 4869.5242 | F21: =RANK(E21, E$2:E$100) -> 21 | G21: =IF(COUNTIF('0050_List'!A:A, A21), "✅", "") -> ✅
A22: 2885 | B22: 元大金 | C22: =IFERROR(__xludf.DUMMYFUNCTION("GOOGLEFINANCE(""TPE:"" & A22, ""marketcap"") / GOOGLEFINANCE(""TPE:"" & A22, ""price"")"),1.3331140543877007E10) -> 13331140544 | D22: =IFERROR(__xludf.DUMMYFUNCTION("IF(ISBLANK(A22),,GOOGLEFINANCE(""TPE:""&A22, ""price""))"),37.4) -> 37.4 | E22: =IF(ISBLANK(D22),, (C22 * D22) / 100000000) -> 4985.8466 | F22: =RANK(E22, E$2:E$100) -> 20 | G22: =IF(COUNTIF('0050_List'!A:A, A22), "✅", "") -> ✅
A23: 2327 | B23: 國巨* | C23: =IFERROR(__xludf.DUMMYFUNCTION("GOOGLEFINANCE(""TPE:"" & A23, ""marketcap"") / GOOGLEFINANCE(""TPE:"" & A23, ""price"")"),2.072965E9) -> 2072965000 | D23: =IFERROR(__xludf.DUMMYFUNCTION("IF(ISBLANK(A23),,GOOGLEFINANCE(""TPE:""&A23, ""price""))"),245.5) -> 245.5 | E23: =IF(ISBLANK(D23),, (C23 * D23) / 100000000) -> 5089.1291 | F23: =RANK(E23, E$2:E$100) -> 19 | G23: =IF(COUNTIF('0050_List'!A:A, A23), "✅", "") -> ✅
A24: 6505 | B24: 台塑化 | C24: =IFERROR(__xludf.DUMMYFUNCTION("GOOGLEFINANCE(""TPE:"" & A24, ""marketcap"") / GOOGLEFINANCE(""TPE:"" & A24, ""price"")"),9.525958708405216E9) -> 9525958708 | D24: =IFERROR(__xludf.DUMMYFUNCTION("IF(ISBLANK(A24),,GOOGLEFINANCE(""TPE:""&A24, ""price""))"),49.85) -> 49.85 | E24: =IF(ISBLANK(D24),, (C24 * D24) / 100000000) -> 4748.6904 | F24: =RANK(E24, E$2:E$100) -> 23 | G24: =IF(COUNTIF('0050_List'!A:A, A24), "✅", "") -> ✅
A25: 3231 | B25: 緯創 | C25: =IFERROR(__xludf.DUMMYFUNCTION("GOOGLEFINANCE(""TPE:"" & A25, ""marketcap"") / GOOGLEFINANCE(""TPE:"" & A25, ""price"")"),3.180412E9) -> 3180412000 | D25: =IFERROR(__xludf.DUMMYFUNCTION("IF(ISBLANK(A25),,GOOGLEFINANCE(""TPE:""&A25, ""price""))"),147.5) -> 147.5 | E25: =IF(ISBLANK(D25),, (C25 * D25) / 100000000) -> 4691.1077 | F25: =RANK(E25, E$2:E$100) -> 24 | G25: =IF(COUNTIF('0050_List'!A:A, A25), "✅", "") -> ✅
A26: 2357 | B26: 華碩 | C26: =IFERROR(__xludf.DUMMYFUNCTION("GOOGLEFINANCE(""TPE:"" & A26, ""marketcap"") / GOOGLEFINANCE(""TPE:"" & A26, ""price"")"),7.427602E8) -> 742760200 | D26: =IFERROR(__xludf.DUMMYFUNCTION("IF(ISBLANK(A26),,GOOGLEFINANCE(""TPE:""&A26, ""price""))"),595.0) -> 595 | E26: =IF(ISBLANK(D26),, (C26 * D26) / 100000000) -> 4419.4232 | F26: =RANK(E26, E$2:E$100) -> 25 | G26: =IF(COUNTIF('0050_List'!A:A, A26), "✅", "") -> ✅
A27: 3653 | B27: 健策 | C27: =IFERROR(__xludf.DUMMYFUNCTION("GOOGLEFINANCE(""TPE:"" & A27, ""marketcap"") / GOOGLEFINANCE(""TPE:"" & A27, ""price"")"),1.42922E8) -> 142922000 | D27: =IFERROR(__xludf.DUMMYFUNCTION("IF(ISBLANK(A27),,GOOGLEFINANCE(""TPE:""&A27, ""price""))"),2920.0) -> 2920 | E27: =IF(ISBLANK(D27),, (C27 * D27) / 100000000) -> 4173.3224 | F27: =RANK(E27, E$2:E$100) -> 28 | G27: =IF(COUNTIF('0050_List'!A:A, A27), "✅", "")
A28: 1216 | B28: 統一 | C28: =IFERROR(__xludf.DUMMYFUNCTION("GOOGLEFINANCE(""TPE:"" & A28, ""marketcap"") / GOOGLEFINANCE(""TPE:"" & A28, ""price"")"),5.682015E9) -> 5682015000 | D28: =IFERROR(__xludf.DUMMYFUNCTION("IF(ISBLANK(A28),,GOOGLEFINANCE(""TPE:""&A28, ""price""))"),75.0) -> 75 | E28: =IF(ISBLANK(D28),, (C28 * D28) / 100000000) -> 4261.5112 | F28: =RANK(E28, E$2:E$100) -> 26 | G28: =IF(COUNTIF('0050_List'!A:A, A28), "✅", "") -> ✅
A29: 2880 | B29: 華南金 | C29: =IFERROR(__xludf.DUMMYFUNCTION("GOOGLEFINANCE(""TPE:"" & A29, ""marketcap"") / GOOGLEFINANCE(""TPE:"" & A29, ""price"")"),1.3916959652438625E10) -> 13916959652 | D29: =IFERROR(__xludf.DUMMYFUNCTION("IF(ISBLANK(A29),,GOOGLEFINANCE(""TPE:""&A29, ""price""))"),30.55) -> 30.55 | E29: =IF(ISBLANK(D29),, (C29 * D29) / 100000000) -> 4251.6312 | F29: =RANK(E29, E$2:E$100) -> 27 | G29: =IF(COUNTIF('0050_List'!A:A, A29), "✅", "") -> ✅
A30: 2892 | B30: 第一金 | C30: =IFERROR(__xludf.DUMMYFUNCTION("GOOGLEFINANCE(""TPE:"" & A30, ""marketcap"") / GOOGLEFINANCE(""TPE:"" & A30, ""price"")"),1.4379460392486584E10) -> 14379460392 | D30: =IFERROR(__xludf.DUMMYFUNCTION("IF(ISBLANK(A30),,GOOGLEFINANCE(""TPE:""&A30, ""price""))"),27.95) -> 27.95 | E30: =IF(ISBLANK(D30),, (C30 * D30) / 100000000) -> 4019.0592 | F30: =RANK(E30, E$2:E$100) -> 29 | G30: =IF(COUNTIF('0050_List'!A:A, A30), "✅", "") -> ✅
A31: 2890 | B31: 永豐金 | C31: =IFERROR(__xludf.DUMMYFUNCTION("GOOGLEFINANCE(""TPE:"" & A31, ""marketcap"") / GOOGLEFINANCE(""TPE:"" & A31, ""price"")"),1.4492320402768671E10) -> 14492320403 | D31: =IFERROR(__xludf.DUMMYFUNCTION("IF(ISBLANK(A31),,GOOGLEFINANCE(""TPE:""&A31, ""price""))"),27.45) -> 27.45 | E31: =IF(ISBLANK(D31),, (C31 * D31) / 100000000) -> 3978.142 | F31: =RANK(E31, E$2:E$100) -> 30 | G31: =IF(COUNTIF('0050_List'!A:A, A31), "✅", "") -> ✅
A32: 3045 | B32: 台灣大 | C32: =IFERROR(__xludf.DUMMYFUNCTION("GOOGLEFINANCE(""TPE:"" & A32, ""marketcap"") / GOOGLEFINANCE(""TPE:"" & A32, ""price"")"),3.723261E9) -> 3723261000 | D32: =IFERROR(__xludf.DUMMYFUNCTION("IF(ISBLANK(A32),,GOOGLEFINANCE(""TPE:""&A32, ""price""))"),104.5) -> 104.5 | E32: =IF(ISBLANK(D32),, (C32 * D32) / 100000000) -> 3890.8077 | F32: =RANK(E32, E$2:E$100) -> 31 | G32: =IF(COUNTIF('0050_List'!A:A, A32), "✅", "") -> ✅
A33: 2603 | B33: 長榮 | C33: =IFERROR(__xludf.DUMMYFUNCTION("GOOGLEFINANCE(""TPE:"" & A33, ""marketcap"") / GOOGLEFINANCE(""TPE:"" & A33, ""price"")"),2.165043E9) -> 2165043000 | D33: =IFERROR(__xludf.DUMMYFUNCTION("IF(ISBLANK(A33),,GOOGLEFINANCE(""TPE:""&A33, ""price""))"),179.0) -> 179 | E33: =IF(ISBLANK(D33),, (C33 * D33) / 100000000) -> 3875.427 | F33: =RANK(E33, E$2:E$100) -> 32 | G33: =IF(COUNTIF('0050_List'!A:A, A33), "✅", "") -> ✅
A34: 5880 | B34: 合庫金 | C34: =IFERROR(__xludf.DUMMYFUNCTION("GOOGLEFINANCE(""TPE:"" & A34, ""marketcap"") / GOOGLEFINANCE(""TPE:"" & A34, ""price"")"),1.5680930494338844E10) -> 15680930494 | D34: =IFERROR(__xludf.DUMMYFUNCTION("IF(ISBLANK(A34),,GOOGLEFINANCE(""TPE:""&A34, ""price""))"),24.2) -> 24.2 | E34: =IF(ISBLANK(D34),, (C34 * D34) / 100000000) -> 3794.7852 | F34: =RANK(E34, E$2:E$100) -> 33 | G34: =IF(COUNTIF('0050_List'!A:A, A34), "✅", "") -> ✅
A35: 2301 | B35: 光寶科 | C35: =IFERROR(__xludf.DUMMYFUNCTION("GOOGLEFINANCE(""TPE:"" & A35, ""marketcap"") / GOOGLEFINANCE(""TPE:"" & A35, ""price"")"),2.316775E9) -> 2316775000 | D35: =IFERROR(__xludf.DUMMYFUNCTION("IF(ISBLANK(A35),,GOOGLEFINANCE(""TPE:""&A35, ""price""))"),159.5) -> 159.5 | E35: =IF(ISBLANK(D35),, (C35 * D35) / 100000000) -> 3695.2561 | F35: =RANK(E35, E$2:E$100) -> 34 | G35: =IF(COUNTIF('0050_List'!A:A, A35), "✅", "") -> ✅
A36: 3037 | B36: 欣興 | C36: =IFERROR(__xludf.DUMMYFUNCTION("GOOGLEFINANCE(""TPE:"" & A36, ""marketcap"") / GOOGLEFINANCE(""TPE:"" & A36, ""price"")"),1.5756E9) -> 1575600000 | D36: =IFERROR(__xludf.DUMMYFUNCTION("IF(ISBLANK(A36),,GOOGLEFINANCE(""TPE:""&A36, ""price""))"),227.5) -> 227.5 | E36: =IF(ISBLANK(D36),, (C36 * D36) / 100000000) -> 3584.49 | F36: =RANK(E36, E$2:E$100) -> 35 | G36: =IF(COUNTIF('0050_List'!A:A, A36), "✅", "")
A37: 2360 | B37: 致茂 | C37: =IFERROR(__xludf.DUMMYFUNCTION("GOOGLEFINANCE(""TPE:"" & A37, ""marketcap"") / GOOGLEFINANCE(""TPE:"" & A37, ""price"")"),4.252737E8) -> 425273700 | D37: =IFERROR(__xludf.DUMMYFUNCTION("IF(ISBLANK(A37),,GOOGLEFINANCE(""TPE:""&A37, ""price""))"),800.0) -> 800 | E37: =IF(ISBLANK(D37),, (C37 * D37) / 100000000) -> 3402.1896 | F37: =RANK(E37, E$2:E$100) -> 37 | G37: =IF(COUNTIF('0050_List'!A:A, A37), "✅", "")
A38: 2059 | B38: 川湖 | C38: =IFERROR(__xludf.DUMMYFUNCTION("GOOGLEFINANCE(""TPE:"" & A38, ""marketcap"") / GOOGLEFINANCE(""TPE:"" & A38, ""price"")"),9.529708E7) -> 95297080 | D38: =IFERROR(__xludf.DUMMYFUNCTION("IF(ISBLANK(A38),,GOOGLEFINANCE(""TPE:""&A38, ""price""))"),3615.0) -> 3615 | E38: =IF(ISBLANK(D38),, (C38 * D38) / 100000000) -> 3444.9894 | F38: =RANK(E38, E$2:E$100) -> 36 | G38: =IF(COUNTIF('0050_List'!A:A, A38), "✅", "") -> ✅
A39: 2207 | B39: 和泰車 | C39: =IFERROR(__xludf.DUMMYFUNCTION("GOOGLEFINANCE(""TPE:"" & A39, ""marketcap"") / GOOGLEFINANCE(""TPE:"" & A39, ""price"")"),5.571026E8) -> 557102600 | D39: =IFERROR(__xludf.DUMMYFUNCTION("IF(ISBLANK(A39),,GOOGLEFINANCE(""TPE:""&A39, ""price""))"),598.0) -> 598 | E39: =IF(ISBLANK(D39),, (C39 * D39) / 100000000) -> 3331.4735 | F39: =RANK(E39, E$2:E$100) -> 38 | G39: =IF(COUNTIF('0050_List'!A:A, A39), "✅", "") -> ✅
A40: 4904 | B40: 遠傳 | C40: =IFERROR(__xludf.DUMMYFUNCTION("GOOGLEFINANCE(""TPE:"" & A40, ""marketcap"") / GOOGLEFINANCE(""TPE:"" & A40, ""price"")"),3.6057059360975614E9) -> 3605705936 | D40: =IFERROR(__xludf.DUMMYFUNCTION("IF(ISBLANK(A40),,GOOGLEFINANCE(""TPE:""&A40, ""price""))"),86.1) -> 86.1 | E40: =IF(ISBLANK(D40),, (C40 * D40) / 100000000) -> 3104.5128 | F40: =RANK(E40, E$2:E$100) -> 39 | G40: =IF(COUNTIF('0050_List'!A:A, A40), "✅", "") -> ✅
A41: 2344 | B41: 華邦電 | C41: =IFERROR(__xludf.DUMMYFUNCTION("GOOGLEFINANCE(""TPE:"" & A41, ""marketcap"") / GOOGLEFINANCE(""TPE:"" & A41, ""price"")"),4.5E9) -> 4500000000 | D41: =IFERROR(__xludf.DUMMYFUNCTION("IF(ISBLANK(A41),,GOOGLEFINANCE(""TPE:""&A41, ""price""))"),67.5) -> 67.5 | E41: =IF(ISBLANK(D41),, (C41 * D41) / 100000000) -> 3037.5 | F41: =RANK(E41, E$2:E$100) -> 40 | G41: =IF(COUNTIF('0050_List'!A:A, A41), "✅", "")
A42: 3665 | B42: 貿聯-KY | C42: =IFERROR(__xludf.DUMMYFUNCTION("GOOGLEFINANCE(""TPE:"" & A42, ""marketcap"") / GOOGLEFINANCE(""TPE:"" & A42, ""price"")"),1.949599E8) -> 194959900 | D42: =IFERROR(__xludf.DUMMYFUNCTION("IF(ISBLANK(A42),,GOOGLEFINANCE(""TPE:""&A42, ""price""))"),1525.0) -> 1525 | E42: =IF(ISBLANK(D42),, (C42 * D42) / 100000000) -> 2973.1385 | F42: =RANK(E42, E$2:E$100) -> 42 | G42: =IF(COUNTIF('0050_List'!A:A, A42), "✅", "")
A43: 2002 | B43: 中鋼 | C43: =IFERROR(__xludf.DUMMYFUNCTION("GOOGLEFINANCE(""TPE:"" & A43, ""marketcap"") / GOOGLEFINANCE(""TPE:"" & A43, ""price"")"),1.5814579340655737E10) -> 15814579341 | D43: =IFERROR(__xludf.DUMMYFUNCTION("IF(ISBLANK(A43),,GOOGLEFINANCE(""TPE:""&A43, ""price""))"),18.3) -> 18.3 | E43: =IF(ISBLANK(D43),, (C43 * D43) / 100000000) -> 2894.068 | F43: =RANK(E43, E$2:E$100) -> 45 | G43: =IF(COUNTIF('0050_List'!A:A, A43), "✅", "") -> ✅
A44: 2368 | B44: 金像電 | C44: =IFERROR(__xludf.DUMMYFUNCTION("GOOGLEFINANCE(""TPE:"" & A44, ""marketcap"") / GOOGLEFINANCE(""TPE:"" & A44, ""price"")"),4.918394E8) -> 491839400 | D44: =IFERROR(__xludf.DUMMYFUNCTION("IF(ISBLANK(A44),,GOOGLEFINANCE(""TPE:""&A44, ""price""))"),616.0) -> 616 | E44: =IF(ISBLANK(D44),, (C44 * D44) / 100000000) -> 3029.7307 | F44: =RANK(E44, E$2:E$100) -> 41 | G44: =IF(COUNTIF('0050_List'!A:A, A44), "✅", "")
A45: 3443 | B45: 創意 | C45: =IFERROR(__xludf.DUMMYFUNCTION("GOOGLEFINANCE(""TPE:"" & A45, ""marketcap"") / GOOGLEFINANCE(""TPE:"" & A45, ""price"")"),1.340119E8) -> 134011900 | D45: =IFERROR(__xludf.DUMMYFUNCTION("IF(ISBLANK(A45),,GOOGLEFINANCE(""TPE:""&A45, ""price""))"),2160.0) -> 2160 | E45: =IF(ISBLANK(D45),, (C45 * D45) / 100000000) -> 2894.657 | F45: =RANK(E45, E$2:E$100) -> 44 | G45: =IF(COUNTIF('0050_List'!A:A, A45), "✅", "")
A46: 2883 | B46: 凱基金 | C46: =IFERROR(__xludf.DUMMYFUNCTION("GOOGLEFINANCE(""TPE:"" & A46, ""marketcap"") / GOOGLEFINANCE(""TPE:"" & A46, ""price"")"),1.7735819587439026E10) -> 17735819587 | D46: =IFERROR(__xludf.DUMMYFUNCTION("IF(ISBLANK(A46),,GOOGLEFINANCE(""TPE:""&A46, ""price""))"),16.4) -> 16.4 | E46: =IF(ISBLANK(D46),, (C46 * D46) / 100000000) -> 2908.6744 | F46: =RANK(E46, E$2:E$100) -> 43 | G46: =IF(COUNTIF('0050_List'!A:A, A46), "✅", "") -> ✅
A47: 3008 | B47: 大立光 | C47: =IFERROR(__xludf.DUMMYFUNCTION("GOOGLEFINANCE(""TPE:"" & A47, ""marketcap"") / GOOGLEFINANCE(""TPE:"" & A47, ""price"")"),1.334681E8) -> 133468100 | D47: =IFERROR(__xludf.DUMMYFUNCTION("IF(ISBLANK(A47),,GOOGLEFINANCE(""TPE:""&A47, ""price""))"),2085.0) -> 2085 | E47: =IF(ISBLANK(D47),, (C47 * D47) / 100000000) -> 2782.8099 | F47: =RANK(E47, E$2:E$100) -> 47 | G47: =IF(COUNTIF('0050_List'!A:A, A47), "✅", "") -> ✅
A48: 2449 | B48: 京元電子 | C48: =IFERROR(__xludf.DUMMYFUNCTION("GOOGLEFINANCE(""TPE:"" & A48, ""marketcap"") / GOOGLEFINANCE(""TPE:"" & A48, ""price"")"),1.222745E9) -> 1222745000 | D48: =IFERROR(__xludf.DUMMYFUNCTION("IF(ISBLANK(A48),,GOOGLEFINANCE(""TPE:""&A48, ""price""))"),229.0) -> 229 | E48: =IF(ISBLANK(D48),, (C48 * D48) / 100000000) -> 2800.086 | F48: =RANK(E48, E$2:E$100) -> 46 | G48: =IF(COUNTIF('0050_List'!A:A, A48), "✅", "")
A49: 2379 | B49: 瑞昱 | C49: =IFERROR(__xludf.DUMMYFUNCTION("GOOGLEFINANCE(""TPE:"" & A49, ""marketcap"") / GOOGLEFINANCE(""TPE:"" & A49, ""price"")"),5.128636E8) -> 512863600 | D49: =IFERROR(__xludf.DUMMYFUNCTION("IF(ISBLANK(A49),,GOOGLEFINANCE(""TPE:""&A49, ""price""))"),539.0) -> 539 | E49: =IF(ISBLANK(D49),, (C49 * D49) / 100000000) -> 2764.3348 | F49: =RANK(E49, E$2:E$100) -> 48 | G49: =IF(COUNTIF('0050_List'!A:A, A49), "✅", "") -> ✅
A50: 1301 | B50: 台塑 | C50: =IFERROR(__xludf.DUMMYFUNCTION("GOOGLEFINANCE(""TPE:"" & A50, ""marketcap"") / GOOGLEFINANCE(""TPE:"" & A50, ""price"")"),6.365738877964825E9) -> 6365738878 | D50: =IFERROR(__xludf.DUMMYFUNCTION("IF(ISBLANK(A50),,GOOGLEFINANCE(""TPE:""&A50, ""price""))"),39.8) -> 39.8 | E50: =IF(ISBLANK(D50),, (C50 * D50) / 100000000) -> 2533.5641 | F50: =RANK(E50, E$2:E$100) -> 51 | G50: =IF(COUNTIF('0050_List'!A:A, A50), "✅", "") -> ✅
A51: 6919 | B51: 康霈* | C51: =IFERROR(__xludf.DUMMYFUNCTION("GOOGLEFINANCE(""TPE:"" & A51, ""marketcap"") / GOOGLEFINANCE(""TPE:"" & A51, ""price"")"),1.550897E9) -> 1550897000 | D51: =IFERROR(__xludf.DUMMYFUNCTION("IF(ISBLANK(A51),,GOOGLEFINANCE(""TPE:""&A51, ""price""))"),167.0) -> 167 | E51: =IF(ISBLANK(D51),, (C51 * D51) / 100000000) -> 2589.998 | F51: =RANK(E51, E$2:E$100) -> 50 | G51: =IF(COUNTIF('0050_List'!A:A, A51), "✅", "") -> ✅
A52: 3661 | B52: 世芯-KY | C52: =IFERROR(__xludf.DUMMYFUNCTION("GOOGLEFINANCE(""TPE:"" & A52, ""marketcap"") / GOOGLEFINANCE(""TPE:"" & A52, ""price"")"),8.103692E7) -> 81036920 | D52: =IFERROR(__xludf.DUMMYFUNCTION("IF(ISBLANK(A52),,GOOGLEFINANCE(""TPE:""&A52, ""price""))"),3370.0) -> 3370 | E52: =IF(ISBLANK(D52),, (C52 * D52) / 100000000) -> 2730.9442 | F52: =RANK(E52, E$2:E$100) -> 49 | G52: =IF(COUNTIF('0050_List'!A:A, A52), "✅", "") -> ✅
A53: 2395 | B53: 研華 | C53: =IFERROR(__xludf.DUMMYFUNCTION("GOOGLEFINANCE(""TPE:"" & A53, ""marketcap"") / GOOGLEFINANCE(""TPE:"" & A53, ""price"")"),8.651898E8) -> 865189800 | D53: =IFERROR(__xludf.DUMMYFUNCTION("IF(ISBLANK(A53),,GOOGLEFINANCE(""TPE:""&A53, ""price""))"),282.5) -> 282.5 | E53: =IF(ISBLANK(D53),, (C53 * D53) / 100000000) -> 2444.1612 | F53: =RANK(E53, E$2:E$100) -> 53 | G53: =IF(COUNTIF('0050_List'!A:A, A53), "✅", "") -> ✅
A54: 2912 | B54: 統一超 | C54: =IFERROR(__xludf.DUMMYFUNCTION("GOOGLEFINANCE(""TPE:"" & A54, ""marketcap"") / GOOGLEFINANCE(""TPE:"" & A54, ""price"")"),1.039622E9) -> 1039622000 | D54: =IFERROR(__xludf.DUMMYFUNCTION("IF(ISBLANK(A54),,GOOGLEFINANCE(""TPE:""&A54, ""price""))"),228.5) -> 228.5 | E54: =IF(ISBLANK(D54),, (C54 * D54) / 100000000) -> 2375.5363 | F54: =RANK(E54, E$2:E$100) -> 55 | G54: =IF(COUNTIF('0050_List'!A:A, A54), "✅", "") -> ✅
A55: 2801 | B55: 彰銀 | C55: =IFERROR(__xludf.DUMMYFUNCTION("GOOGLEFINANCE(""TPE:"" & A55, ""marketcap"") / GOOGLEFINANCE(""TPE:"" & A55, ""price"")"),1.1766040220540539E10) -> 11766040221 | D55: =IFERROR(__xludf.DUMMYFUNCTION("IF(ISBLANK(A55),,GOOGLEFINANCE(""TPE:""&A55, ""price""))"),20.35) -> 20.35 | E55: =IF(ISBLANK(D55),, (C55 * D55) / 100000000) -> 2394.3892 | F55: =RANK(E55, E$2:E$100) -> 54 | G55: =IF(COUNTIF('0050_List'!A:A, A55), "✅", "")
A56: 3034 | B56: 聯詠 | C56: =IFERROR(__xludf.DUMMYFUNCTION("GOOGLEFINANCE(""TPE:"" & A56, ""marketcap"") / GOOGLEFINANCE(""TPE:"" & A56, ""price"")"),6.085114E8) -> 608511400 | D56: =IFERROR(__xludf.DUMMYFUNCTION("IF(ISBLANK(A56),,GOOGLEFINANCE(""TPE:""&A56, ""price""))"),382.5) -> 382.5 | E56: =IF(ISBLANK(D56),, (C56 * D56) / 100000000) -> 2327.5561 | F56: =RANK(E56, E$2:E$100) -> 56 | G56: =IF(COUNTIF('0050_List'!A:A, A56), "✅", "") -> ✅
A57: 1519 | B57: 華城 | C57: =IFERROR(__xludf.DUMMYFUNCTION("GOOGLEFINANCE(""TPE:"" & A57, ""marketcap"") / GOOGLEFINANCE(""TPE:"" & A57, ""price"")"),3.158808E8) -> 315880800 | D57: =IFERROR(__xludf.DUMMYFUNCTION("IF(ISBLANK(A57),,GOOGLEFINANCE(""TPE:""&A57, ""price""))"),779.0) -> 779 | E57: =IF(ISBLANK(D57),, (C57 * D57) / 100000000) -> 2460.7114 | F57: =RANK(E57, E$2:E$100) -> 52 | G57: =IF(COUNTIF('0050_List'!A:A, A57), "✅", "")
A58: 2615 | B58: 萬海 | C58: =IFERROR(__xludf.DUMMYFUNCTION("GOOGLEFINANCE(""TPE:"" & A58, ""marketcap"") / GOOGLEFINANCE(""TPE:"" & A58, ""price"")"),2.806144945521629E9) -> 2806144946 | D58: =IFERROR(__xludf.DUMMYFUNCTION("IF(ISBLANK(A58),,GOOGLEFINANCE(""TPE:""&A58, ""price""))"),78.6) -> 78.6 | E58: =IF(ISBLANK(D58),, (C58 * D58) / 100000000) -> 2205.6299 | F58: =RANK(E58, E$2:E$100) -> 57 | G58: =IF(COUNTIF('0050_List'!A:A, A58), "✅", "") -> ✅
A59: 1504 | B59: 東元 | C59: =IFERROR(__xludf.DUMMYFUNCTION("GOOGLEFINANCE(""TPE:"" & A59, ""marketcap"") / GOOGLEFINANCE(""TPE:"" & A59, ""price"")"),2.376440084522145E9) -> 2376440085 | D59: =IFERROR(__xludf.DUMMYFUNCTION("IF(ISBLANK(A59),,GOOGLEFINANCE(""TPE:""&A59, ""price""))"),85.8) -> 85.8 | E59: =IF(ISBLANK(D59),, (C59 * D59) / 100000000) -> 2038.9856 | F59: =RANK(E59, E$2:E$100) -> 58 | G59: =IF(COUNTIF('0050_List'!A:A, A59), "✅", "")
A60: 1326 | B60: 台化 | C60: =IFERROR(__xludf.DUMMYFUNCTION("GOOGLEFINANCE(""TPE:"" & A60, ""marketcap"") / GOOGLEFINANCE(""TPE:"" & A60, ""price"")"),5.861186138850931E9) -> 5861186139 | D60: =IFERROR(__xludf.DUMMYFUNCTION("IF(ISBLANK(A60),,GOOGLEFINANCE(""TPE:""&A60, ""price""))"),32.2) -> 32.2 | E60: =IF(ISBLANK(D60),, (C60 * D60) / 100000000) -> 1887.3019 | F60: =RANK(E60, E$2:E$100) -> 63 | G60: =IF(COUNTIF('0050_List'!A:A, A60), "✅", "")
A61: 6446 | B61: 藥華藥 | C61: =IFERROR(__xludf.DUMMYFUNCTION("GOOGLEFINANCE(""TPE:"" & A61, ""marketcap"") / GOOGLEFINANCE(""TPE:"" & A61, ""price"")"),3.793547E8) -> 379354700 | D61: =IFERROR(__xludf.DUMMYFUNCTION("IF(ISBLANK(A61),,GOOGLEFINANCE(""TPE:""&A61, ""price""))"),516.0) -> 516 | E61: =IF(ISBLANK(D61),, (C61 * D61) / 100000000) -> 1957.4703 | F61: =RANK(E61, E$2:E$100) -> 59 | G61: =IF(COUNTIF('0050_List'!A:A, A61), "✅", "") -> ✅
A62: 5876 | B62: 上海商銀 | C62: =IFERROR(__xludf.DUMMYFUNCTION("GOOGLEFINANCE(""TPE:"" & A62, ""marketcap"") / GOOGLEFINANCE(""TPE:"" & A62, ""price"")"),4.861602093425693E9) -> 4861602093 | D62: =IFERROR(__xludf.DUMMYFUNCTION("IF(ISBLANK(A62),,GOOGLEFINANCE(""TPE:""&A62, ""price""))"),39.7) -> 39.7 | E62: =IF(ISBLANK(D62),, (C62 * D62) / 100000000) -> 1930.056 | F62: =RANK(E62, E$2:E$100) -> 60 | G62: =IF(COUNTIF('0050_List'!A:A, A62), "✅", "") -> ✅
A63: 4938 | B63: 和碩 | C63: =IFERROR(__xludf.DUMMYFUNCTION("GOOGLEFINANCE(""TPE:"" & A63, ""marketcap"") / GOOGLEFINANCE(""TPE:"" & A63, ""price"")"),2.682199E9) -> 2682199000 | D63: =IFERROR(__xludf.DUMMYFUNCTION("IF(ISBLANK(A63),,GOOGLEFINANCE(""TPE:""&A63, ""price""))"),70.5) -> 70.5 | E63: =IF(ISBLANK(D63),, (C63 * D63) / 100000000) -> 1890.9503 | F63: =RANK(E63, E$2:E$100) -> 61 | G63: =IF(COUNTIF('0050_List'!A:A, A63), "✅", "") -> ✅
A64: 5871 | B64: 中租-KY | C64: =IFERROR(__xludf.DUMMYFUNCTION("GOOGLEFINANCE(""TPE:"" & A64, ""marketcap"") / GOOGLEFINANCE(""TPE:"" & A64, ""price"")"),1.86142E9) -> 1861420000 | D64: =IFERROR(__xludf.DUMMYFUNCTION("IF(ISBLANK(A64),,GOOGLEFINANCE(""TPE:""&A64, ""price""))"),101.5) -> 101.5 | E64: =IF(ISBLANK(D64),, (C64 * D64) / 100000000) -> 1889.3413 | F64: =RANK(E64, E$2:E$100) -> 62 | G64: =IF(COUNTIF('0050_List'!A:A, A64), "✅", "") -> ✅
A65: 3036 | B65: 文曄 | C65: =IFERROR(__xludf.DUMMYFUNCTION("GOOGLEFINANCE(""TPE:"" & A65, ""marketcap"") / GOOGLEFINANCE(""TPE:"" & A65, ""price"")"),1.214462E9) -> 1214462000 | D65: =IFERROR(__xludf.DUMMYFUNCTION("IF(ISBLANK(A65),,GOOGLEFINANCE(""TPE:""&A65, ""price""))"),150.5) -> 150.5 | E65: =IF(ISBLANK(D65),, (C65 * D65) / 100000000) -> 1827.7653 | F65: =RANK(E65, E$2:E$100) -> 65 | G65: =IF(COUNTIF('0050_List'!A:A, A65), "✅", "")
A66: 2618 | B66: 長榮航 | C66: =IFERROR(__xludf.DUMMYFUNCTION("GOOGLEFINANCE(""TPE:"" & A66, ""marketcap"") / GOOGLEFINANCE(""TPE:"" & A66, ""price"")"),5.400442763529411E9) -> 5400442764 | D66: =IFERROR(__xludf.DUMMYFUNCTION("IF(ISBLANK(A66),,GOOGLEFINANCE(""TPE:""&A66, ""price""))"),34.85) -> 34.85 | E66: =IF(ISBLANK(D66),, (C66 * D66) / 100000000) -> 1882.0543 | F66: =RANK(E66, E$2:E$100) -> 64 | G66: =IF(COUNTIF('0050_List'!A:A, A66), "✅", "")
A67: 1590 | B67: 亞德客-KY | C67: =IFERROR(__xludf.DUMMYFUNCTION("GOOGLEFINANCE(""TPE:"" & A67, ""marketcap"") / GOOGLEFINANCE(""TPE:"" & A67, ""price"")"),2.0E8) -> 200000000 | D67: =IFERROR(__xludf.DUMMYFUNCTION("IF(ISBLANK(A67),,GOOGLEFINANCE(""TPE:""&A67, ""price""))"),904.0) -> 904 | E67: =IF(ISBLANK(D67),, (C67 * D67) / 100000000) -> 1808 | F67: =RANK(E67, E$2:E$100) -> 67 | G67: =IF(COUNTIF('0050_List'!A:A, A67), "✅", "")
A68: 1101 | B68: 台泥 | C68: =IFERROR(__xludf.DUMMYFUNCTION("GOOGLEFINANCE(""TPE:"" & A68, ""marketcap"") / GOOGLEFINANCE(""TPE:"" & A68, ""price"")"),7.9556138660044155E9) -> 7955613866 | D68: =IFERROR(__xludf.DUMMYFUNCTION("IF(ISBLANK(A68),,GOOGLEFINANCE(""TPE:""&A68, ""price""))"),22.65) -> 22.65 | E68: =IF(ISBLANK(D68),, (C68 * D68) / 100000000) -> 1801.9465 | F68: =RANK(E68, E$2:E$100) -> 68 | G68: =IF(COUNTIF('0050_List'!A:A, A68), "✅", "")
A69: 2609 | B69: 陽明 | C69: =IFERROR(__xludf.DUMMYFUNCTION("GOOGLEFINANCE(""TPE:"" & A69, ""marketcap"") / GOOGLEFINANCE(""TPE:"" & A69, ""price"")"),3.4921028946837945E9) -> 3492102895 | D69: =IFERROR(__xludf.DUMMYFUNCTION("IF(ISBLANK(A69),,GOOGLEFINANCE(""TPE:""&A69, ""price""))"),50.6) -> 50.6 | E69: =IF(ISBLANK(D69),, (C69 * D69) / 100000000) -> 1767.0041 | F69: =RANK(E69, E$2:E$100) -> 69 | G69: =IF(COUNTIF('0050_List'!A:A, A69), "✅", "") -> ✅
A70: 8046 | B70: 南電 | C70: =IFERROR(__xludf.DUMMYFUNCTION("GOOGLEFINANCE(""TPE:"" & A70, ""marketcap"") / GOOGLEFINANCE(""TPE:"" & A70, ""price"")"),6.461655E8) -> 646165500 | D70: =IFERROR(__xludf.DUMMYFUNCTION("IF(ISBLANK(A70),,GOOGLEFINANCE(""TPE:""&A70, ""price""))"),280.0) -> 280 | E70: =IF(ISBLANK(D70),, (C70 * D70) / 100000000) -> 1809.2634 | F70: =RANK(E70, E$2:E$100) -> 66 | G70: =IF(COUNTIF('0050_List'!A:A, A70), "✅", "")
A71: 2356 | B71: 英業達 | C71: =IFERROR(__xludf.DUMMYFUNCTION("GOOGLEFINANCE(""TPE:"" & A71, ""marketcap"") / GOOGLEFINANCE(""TPE:"" & A71, ""price"")"),3.587475E9) -> 3587475000 | D71: =IFERROR(__xludf.DUMMYFUNCTION("IF(ISBLANK(A71),,GOOGLEFINANCE(""TPE:""&A71, ""price""))"),44.5) -> 44.5 | E71: =IF(ISBLANK(D71),, (C71 * D71) / 100000000) -> 1596.4264 | F71: =RANK(E71, E$2:E$100) -> 73 | G71: =IF(COUNTIF('0050_List'!A:A, A71), "✅", "")
A72: 2376 | B72: 技嘉 | C72: =IFERROR(__xludf.DUMMYFUNCTION("GOOGLEFINANCE(""TPE:"" & A72, ""marketcap"") / GOOGLEFINANCE(""TPE:"" & A72, ""price"")"),6.69889E8) -> 669889000 | D72: =IFERROR(__xludf.DUMMYFUNCTION("IF(ISBLANK(A72),,GOOGLEFINANCE(""TPE:""&A72, ""price""))"),244.5) -> 244.5 | E72: =IF(ISBLANK(D72),, (C72 * D72) / 100000000) -> 1637.8786 | F72: =RANK(E72, E$2:E$100) -> 72 | G72: =IF(COUNTIF('0050_List'!A:A, A72), "✅", "")
A73: 3044 | B73: 健鼎 | C73: =IFERROR(__xludf.DUMMYFUNCTION("GOOGLEFINANCE(""TPE:"" & A73, ""marketcap"") / GOOGLEFINANCE(""TPE:"" & A73, ""price"")"),5.256059E8) -> 525605900 | D73: =IFERROR(__xludf.DUMMYFUNCTION("IF(ISBLANK(A73),,GOOGLEFINANCE(""TPE:""&A73, ""price""))"),312.5) -> 312.5 | E73: =IF(ISBLANK(D73),, (C73 * D73) / 100000000) -> 1642.5184 | F73: =RANK(E73, E$2:E$100) -> 71 | G73: =IF(COUNTIF('0050_List'!A:A, A73), "✅", "")
A74: 2834 | B74: 臺企銀 | C74: =IFERROR(__xludf.DUMMYFUNCTION("GOOGLEFINANCE(""TPE:"" & A74, ""marketcap"") / GOOGLEFINANCE(""TPE:"" & A74, ""price"")"),9.718061766792452E9) -> 9718061767 | D74: =IFERROR(__xludf.DUMMYFUNCTION("IF(ISBLANK(A74),,GOOGLEFINANCE(""TPE:""&A74, ""price""))"),15.9) -> 15.9 | E74: =IF(ISBLANK(D74),, (C74 * D74) / 100000000) -> 1545.1718 | F74: =RANK(E74, E$2:E$100) -> 75 | G74: =IF(COUNTIF('0050_List'!A:A, A74), "✅", "")
A75: 4958 | B75: 臻鼎-KY | C75: =IFERROR(__xludf.DUMMYFUNCTION("GOOGLEFINANCE(""TPE:"" & A75, ""marketcap"") / GOOGLEFINANCE(""TPE:"" & A75, ""price"")"),1.058414E9) -> 1058414000 | D75: =IFERROR(__xludf.DUMMYFUNCTION("IF(ISBLANK(A75),,GOOGLEFINANCE(""TPE:""&A75, ""price""))"),146.5) -> 146.5 | E75: =IF(ISBLANK(D75),, (C75 * D75) / 100000000) -> 1550.5765 | F75: =RANK(E75, E$2:E$100) -> 74 | G75: =IF(COUNTIF('0050_List'!A:A, A75), "✅", "")
A76: 2404 | B76: 漢唐 | C76: =IFERROR(__xludf.DUMMYFUNCTION("GOOGLEFINANCE(""TPE:"" & A76, ""marketcap"") / GOOGLEFINANCE(""TPE:"" & A76, ""price"")"),1.905866E8) -> 190586600 | D76: =IFERROR(__xludf.DUMMYFUNCTION("IF(ISBLANK(A76),,GOOGLEFINANCE(""TPE:""&A76, ""price""))"),877.0) -> 877 | E76: =IF(ISBLANK(D76),, (C76 * D76) / 100000000) -> 1671.4445 | F76: =RANK(E76, E$2:E$100) -> 70 | G76: =IF(COUNTIF('0050_List'!A:A, A76), "✅", "")
A77: 1402 | B77: 遠東新 | C77: =IFERROR(__xludf.DUMMYFUNCTION("GOOGLEFINANCE(""TPE:"" & A77, ""marketcap"") / GOOGLEFINANCE(""TPE:"" & A77, ""price"")"),5.352873E9) -> 5352873000 | D77: =IFERROR(__xludf.DUMMYFUNCTION("IF(ISBLANK(A77),,GOOGLEFINANCE(""TPE:""&A77, ""price""))"),28.25) -> 28.25 | E77: =IF(ISBLANK(D77),, (C77 * D77) / 100000000) -> 1512.1866 | F77: =RANK(E77, E$2:E$100) -> 77 | G77: =IF(COUNTIF('0050_List'!A:A, A77), "✅", "")
A78: 6770 | B78: 力積電 | C78: =IFERROR(__xludf.DUMMYFUNCTION("GOOGLEFINANCE(""TPE:"" & A78, ""marketcap"") / GOOGLEFINANCE(""TPE:"" & A78, ""price"")"),4.200325092334294E9) -> 4200325092 | D78: =IFERROR(__xludf.DUMMYFUNCTION("IF(ISBLANK(A78),,GOOGLEFINANCE(""TPE:""&A78, ""price""))"),34.7) -> 34.7 | E78: =IF(ISBLANK(D78),, (C78 * D78) / 100000000) -> 1457.5128 | F78: =RANK(E78, E$2:E$100) -> 78 | G78: =IF(COUNTIF('0050_List'!A:A, A78), "✅", "")
A79: 3533 | B79: 嘉澤 | C79: =IFERROR(__xludf.DUMMYFUNCTION("GOOGLEFINANCE(""TPE:"" & A79, ""marketcap"") / GOOGLEFINANCE(""TPE:"" & A79, ""price"")"),1.125347E8) -> 112534700 | D79: =IFERROR(__xludf.DUMMYFUNCTION("IF(ISBLANK(A79),,GOOGLEFINANCE(""TPE:""&A79, ""price""))"),1345.0) -> 1345 | E79: =IF(ISBLANK(D79),, (C79 * D79) / 100000000) -> 1513.5917 | F79: =RANK(E79, E$2:E$100) -> 76 | G79: =IF(COUNTIF('0050_List'!A:A, A79), "✅", "")
A80: 1605 | B80: 華新 | C80: =IFERROR(__xludf.DUMMYFUNCTION("GOOGLEFINANCE(""TPE:"" & A80, ""marketcap"") / GOOGLEFINANCE(""TPE:"" & A80, ""price"")"),4.431331943444817E9) -> 4431331943 | D80: =IFERROR(__xludf.DUMMYFUNCTION("IF(ISBLANK(A80),,GOOGLEFINANCE(""TPE:""&A80, ""price""))"),29.9) -> 29.9 | E80: =IF(ISBLANK(D80),, (C80 * D80) / 100000000) -> 1324.9683 | F80: =RANK(E80, E$2:E$100) -> 80 | G80: =IF(COUNTIF('0050_List'!A:A, A80), "✅", "")
A81: 1102 | B81: 亞泥 | C81: =IFERROR(__xludf.DUMMYFUNCTION("GOOGLEFINANCE(""TPE:"" & A81, ""marketcap"") / GOOGLEFINANCE(""TPE:"" & A81, ""price"")"),3.546563069896641E9) -> 3546563070 | D81: =IFERROR(__xludf.DUMMYFUNCTION("IF(ISBLANK(A81),,GOOGLEFINANCE(""TPE:""&A81, ""price""))"),38.7) -> 38.7 | E81: =IF(ISBLANK(D81),, (C81 * D81) / 100000000) -> 1372.5199 | F81: =RANK(E81, E$2:E$100) -> 79 | G81: =IF(COUNTIF('0050_List'!A:A, A81), "✅", "")
A82: 2324 | B82: 仁寶 | C82: =IFERROR(__xludf.DUMMYFUNCTION("GOOGLEFINANCE(""TPE:"" & A82, ""marketcap"") / GOOGLEFINANCE(""TPE:"" & A82, ""price"")"),4.4071451122537565E9) -> 4407145112 | D82: =IFERROR(__xludf.DUMMYFUNCTION("IF(ISBLANK(A82),,GOOGLEFINANCE(""TPE:""&A82, ""price""))"),29.95) -> 29.95 | E82: =IF(ISBLANK(D82),, (C82 * D82) / 100000000) -> 1319.94 | F82: =RANK(E82, E$2:E$100) -> 81 | G82: =IF(COUNTIF('0050_List'!A:A, A82), "✅", "")
A83: 2812 | B83: 台中銀 | C83: =IFERROR(__xludf.DUMMYFUNCTION("GOOGLEFINANCE(""TPE:"" & A83, ""marketcap"") / GOOGLEFINANCE(""TPE:"" & A83, ""price"")"),6.021622891347518E9) -> 6021622891 | D83: =IFERROR(__xludf.DUMMYFUNCTION("IF(ISBLANK(A83),,GOOGLEFINANCE(""TPE:""&A83, ""price""))"),21.15) -> 21.15 | E83: =IF(ISBLANK(D83),, (C83 * D83) / 100000000) -> 1273.5732 | F83: =RANK(E83, E$2:E$100) -> 82 | G83: =IF(COUNTIF('0050_List'!A:A, A83), "✅", "")
A84: 3706 | B84: 神達 | C84: =IFERROR(__xludf.DUMMYFUNCTION("GOOGLEFINANCE(""TPE:"" & A84, ""marketcap"") / GOOGLEFINANCE(""TPE:"" & A84, ""price"")"),1.3272120230375426E9) -> 1327212023 | D84: =IFERROR(__xludf.DUMMYFUNCTION("IF(ISBLANK(A84),,GOOGLEFINANCE(""TPE:""&A84, ""price""))"),87.9) -> 87.9 | E84: =IF(ISBLANK(D84),, (C84 * D84) / 100000000) -> 1166.6194 | F84: =RANK(E84, E$2:E$100) -> 87 | G84: =IF(COUNTIF('0050_List'!A:A, A84), "✅", "")
A85: 9910 | B85: 豐泰 | C85: =IFERROR(__xludf.DUMMYFUNCTION("GOOGLEFINANCE(""TPE:"" & A85, ""marketcap"") / GOOGLEFINANCE(""TPE:"" & A85, ""price"")"),9.87483E8) -> 987483000 | D85: =IFERROR(__xludf.DUMMYFUNCTION("IF(ISBLANK(A85),,GOOGLEFINANCE(""TPE:""&A85, ""price""))"),123.0) -> 123 | E85: =IF(ISBLANK(D85),, (C85 * D85) / 100000000) -> 1214.6041 | F85: =RANK(E85, E$2:E$100) -> 83 | G85: =IF(COUNTIF('0050_List'!A:A, A85), "✅", "")
A86: 2474 | B86: 可成 | C86: =IFERROR(__xludf.DUMMYFUNCTION("GOOGLEFINANCE(""TPE:"" & A86, ""marketcap"") / GOOGLEFINANCE(""TPE:"" & A86, ""price"")"),6.23669E8) -> 623669000 | D86: =IFERROR(__xludf.DUMMYFUNCTION("IF(ISBLANK(A86),,GOOGLEFINANCE(""TPE:""&A86, ""price""))"),194.0) -> 194 | E86: =IF(ISBLANK(D86),, (C86 * D86) / 100000000) -> 1209.9179 | F86: =RANK(E86, E$2:E$100) -> 84 | G86: =IF(COUNTIF('0050_List'!A:A, A86), "✅", "")
A87: 6239 | B87: 力成 | C87: =IFERROR(__xludf.DUMMYFUNCTION("GOOGLEFINANCE(""TPE:"" & A87, ""marketcap"") / GOOGLEFINANCE(""TPE:"" & A87, ""price"")"),7.591468E8) -> 759146800 | D87: =IFERROR(__xludf.DUMMYFUNCTION("IF(ISBLANK(A87),,GOOGLEFINANCE(""TPE:""&A87, ""price""))"),159.0) -> 159 | E87: =IF(ISBLANK(D87),, (C87 * D87) / 100000000) -> 1207.0434 | F87: =RANK(E87, E$2:E$100) -> 85 | G87: =IF(COUNTIF('0050_List'!A:A, A87), "✅", "")
A88: 8210 | B88: 勤誠 | C88: =IFERROR(__xludf.DUMMYFUNCTION("GOOGLEFINANCE(""TPE:"" & A88, ""marketcap"") / GOOGLEFINANCE(""TPE:"" & A88, ""price"")"),1.253191E8) -> 125319100 | D88: =IFERROR(__xludf.DUMMYFUNCTION("IF(ISBLANK(A88),,GOOGLEFINANCE(""TPE:""&A88, ""price""))"),899.0) -> 899 | E88: =IF(ISBLANK(D88),, (C88 * D88) / 100000000) -> 1126.6187 | F88: =RANK(E88, E$2:E$100) -> 90 | G88: =IF(COUNTIF('0050_List'!A:A, A88), "✅", "")
A89: 8464 | B89: 億豐 | C89: =IFERROR(__xludf.DUMMYFUNCTION("GOOGLEFINANCE(""TPE:"" & A89, ""marketcap"") / GOOGLEFINANCE(""TPE:"" & A89, ""price"")"),2.930201E8) -> 293020100 | D89: =IFERROR(__xludf.DUMMYFUNCTION("IF(ISBLANK(A89),,GOOGLEFINANCE(""TPE:""&A89, ""price""))"),393.0) -> 393 | E89: =IF(ISBLANK(D89),, (C89 * D89) / 100000000) -> 1151.569 | F89: =RANK(E89, E$2:E$100) -> 88 | G89: =IF(COUNTIF('0050_List'!A:A, A89), "✅", "")
A90: 1476 | B90: 儒鴻 | C90: =IFERROR(__xludf.DUMMYFUNCTION("GOOGLEFINANCE(""TPE:"" & A90, ""marketcap"") / GOOGLEFINANCE(""TPE:"" & A90, ""price"")"),2.74367E8) -> 274367000 | D90: =IFERROR(__xludf.DUMMYFUNCTION("IF(ISBLANK(A90),,GOOGLEFINANCE(""TPE:""&A90, ""price""))"),393.0) -> 393 | E90: =IF(ISBLANK(D90),, (C90 * D90) / 100000000) -> 1078.2623 | F90: =RANK(E90, E$2:E$100) -> 94 | G90: =IF(COUNTIF('0050_List'!A:A, A90), "✅", "")
A91: 2610 | B91: 華航 | C91: =IFERROR(__xludf.DUMMYFUNCTION("GOOGLEFINANCE(""TPE:"" & A91, ""marketcap"") / GOOGLEFINANCE(""TPE:"" & A91, ""price"")"),6.083924877195767E9) -> 6083924877 | D91: =IFERROR(__xludf.DUMMYFUNCTION("IF(ISBLANK(A91),,GOOGLEFINANCE(""TPE:""&A91, ""price""))"),18.9) -> 18.9 | E91: =IF(ISBLANK(D91),, (C91 * D91) / 100000000) -> 1149.8618 | F91: =RANK(E91, E$2:E$100) -> 89 | G91: =IF(COUNTIF('0050_List'!A:A, A91), "✅", "")
A92: 3481 | B92: 群創 | C92: =IFERROR(__xludf.DUMMYFUNCTION("GOOGLEFINANCE(""TPE:"" & A92, ""marketcap"") / GOOGLEFINANCE(""TPE:"" & A92, ""price"")"),7.98919722E9) -> 7989197220 | D92: =IFERROR(__xludf.DUMMYFUNCTION("IF(ISBLANK(A92),,GOOGLEFINANCE(""TPE:""&A92, ""price""))"),13.85) -> 13.85 | E92: =IF(ISBLANK(D92),, (C92 * D92) / 100000000) -> 1106.5038 | F92: =RANK(E92, E$2:E$100) -> 92 | G92: =IF(COUNTIF('0050_List'!A:A, A92), "✅", "")
A93: 6139 | B93: 亞翔 | C93: =IFERROR(__xludf.DUMMYFUNCTION("GOOGLEFINANCE(""TPE:"" & A93, ""marketcap"") / GOOGLEFINANCE(""TPE:"" & A93, ""price"")"),2.33607E8) -> 233607000 | D93: =IFERROR(__xludf.DUMMYFUNCTION("IF(ISBLANK(A93),,GOOGLEFINANCE(""TPE:""&A93, ""price""))"),508.0) -> 508 | E93: =IF(ISBLANK(D93),, (C93 * D93) / 100000000) -> 1186.7236 | F93: =RANK(E93, E$2:E$100) -> 86 | G93: =IF(COUNTIF('0050_List'!A:A, A93), "✅", "")
A94: 1802 | B94: 台玻 | C94: =IFERROR(__xludf.DUMMYFUNCTION("GOOGLEFINANCE(""TPE:"" & A94, ""marketcap"") / GOOGLEFINANCE(""TPE:"" & A94, ""price"")"),2.90806E9) -> 2908060000 | D94: =IFERROR(__xludf.DUMMYFUNCTION("IF(ISBLANK(A94),,GOOGLEFINANCE(""TPE:""&A94, ""price""))"),38.25) -> 38.25 | E94: =IF(ISBLANK(D94),, (C94 * D94) / 100000000) -> 1112.3329 | F94: =RANK(E94, E$2:E$100) -> 91 | G94: =IF(COUNTIF('0050_List'!A:A, A94), "✅", "")
A95: 6781 | B95: AES-KY | C95: =IFERROR(__xludf.DUMMYFUNCTION("GOOGLEFINANCE(""TPE:"" & A95, ""marketcap"") / GOOGLEFINANCE(""TPE:"" & A95, ""price"")"),8.541876E7) -> 85418760 | D95: =IFERROR(__xludf.DUMMYFUNCTION("IF(ISBLANK(A95),,GOOGLEFINANCE(""TPE:""&A95, ""price""))"),1295.0) -> 1295 | E95: =IF(ISBLANK(D95),, (C95 * D95) / 100000000) -> 1106.1729 | F95: =RANK(E95, E$2:E$100) -> 93 | G95: =IF(COUNTIF('0050_List'!A:A, A95), "✅", "")
A96: 3702 | B96: 大聯大 | C96: =IFERROR(__xludf.DUMMYFUNCTION("GOOGLEFINANCE(""TPE:"" & A96, ""marketcap"") / GOOGLEFINANCE(""TPE:"" & A96, ""price"")"),1.679057E9) -> 1679057000 | D96: =IFERROR(__xludf.DUMMYFUNCTION("IF(ISBLANK(A96),,GOOGLEFINANCE(""TPE:""&A96, ""price""))"),64.0) -> 64 | E96: =IF(ISBLANK(D96),, (C96 * D96) / 100000000) -> 1074.5965 | F96: =RANK(E96, E$2:E$100) -> 95 | G96: =IF(COUNTIF('0050_List'!A:A, A96), "✅", "")
A97: 6805 | B97: 富世達 | C97: =IFERROR(__xludf.DUMMYFUNCTION("GOOGLEFINANCE(""TPE:"" & A97, ""marketcap"") / GOOGLEFINANCE(""TPE:"" & A97, ""price"")"),6.855388E7) -> 68553880 | D97: =IFERROR(__xludf.DUMMYFUNCTION("IF(ISBLANK(A97),,GOOGLEFINANCE(""TPE:""&A97, ""price""))"),1535.0) -> 1535 | E97: =IF(ISBLANK(D97),, (C97 * D97) / 100000000) -> 1052.3021 | F97: =RANK(E97, E$2:E$100) -> 96 | G97: =IF(COUNTIF('0050_List'!A:A, A97), "✅", "")
A98: 2347 | B98: 聯強 | C98: =IFERROR(__xludf.DUMMYFUNCTION("GOOGLEFINANCE(""TPE:"" & A98, ""marketcap"") / GOOGLEFINANCE(""TPE:"" & A98, ""price"")"),1.6679469576372712E9) -> 1667946958 | D98: =IFERROR(__xludf.DUMMYFUNCTION("IF(ISBLANK(A98),,GOOGLEFINANCE(""TPE:""&A98, ""price""))"),60.1) -> 60.1 | E98: =IF(ISBLANK(D98),, (C98 * D98) / 100000000) -> 1002.4361 | F98: =RANK(E98, E$2:E$100) -> 97 | G98: =IF(COUNTIF('0050_List'!A:A, A98), "✅", "")
A99: 2105 | B99: 正新 | C99: =IFERROR(__xludf.DUMMYFUNCTION("GOOGLEFINANCE(""TPE:"" & A99, ""marketcap"") / GOOGLEFINANCE(""TPE:"" & A99, ""price"")"),3.2414169196753244E9) -> 3241416920 | D99: =IFERROR(__xludf.DUMMYFUNCTION("IF(ISBLANK(A99),,GOOGLEFINANCE(""TPE:""&A99, ""price""))"),30.8) -> 30.8 | E99: =IF(ISBLANK(D99),, (C99 * D99) / 100000000) -> 998.35641 | F99: =RANK(E99, E$2:E$100) -> 98 | G99: =IF(COUNTIF('0050_List'!A:A, A99), "✅", "")
A100: 6515 | B100: 穎崴 | C100: =IFERROR(__xludf.DUMMYFUNCTION("GOOGLEFINANCE(""TPE:"" & A100, ""marketcap"") / GOOGLEFINANCE(""TPE:"" & A100, ""price"")"),3.604164E7) -> 36041640 | D100: =IFERROR(__xludf.DUMMYFUNCTION("IF(ISBLANK(A100),,GOOGLEFINANCE(""TPE:""&A100, ""price""))"),2685.0) -> 2685 | E100: =IF(ISBLANK(D100),, (C100 * D100) / 100000000) -> 967.71803 | F100: =RANK(E100, E$2:E$100) -> 99 | G100: =IF(COUNTIF('0050_List'!A:A, A100), "✅", "")
...

Sheet 0050_List
A1: 2330 | B1: 台積電
A2: 2317 | B2: 鴻海
A3: 2454 | B3: 聯發科
A4: 2308 | B4: 台達電
A5: 2382 | B5: 廣達
A6: 2891 | B6: 中信金
A7: 2881 | B7: 富邦金
A8: 2882 | B8: 國泰金
A9: 3711 | B9: 日月光投控
A10: 2303 | B10: 聯電
A11: 2345 | B11: 智邦
A12: 2884 | B12: 玉山金
... A51: 6446 | B51: 藥華藥
